Dra. Eloah Pires;dra.p1972@servicos.net
Enzo Gabriel Barbosa;enzo2001@empresa.com
Evelyn Rodrigues;evelyn-rodrigues@corp.com.br
Juan Ferreira;juanf1971@mail.com.br
Luiz Fernando Fogaça;l.fogaça@pessoal.com
Vitória Costa;vitória.costa@servicos.net
Dra. Agatha Correia;dra..correia@corp.com.br
Augusto da Rosa;augusto-rosa@corp.com.br
Yasmin Araújo;y.araújo@pessoal.com
Rodrigo Castro;rodrigo1984@servicos.net
Srta. Nicole Cardoso;srta..cardoso@mail.com.br
Luiz Felipe Moraes;luiz.moraes@pessoal.com
Luiz Otávio Vieira;luizv1976@corp.com.br
Sra. Vitória Carvalho;s.carvalho@empresa.com
Caio da Cruz;c.cruz@pessoal.com
Pietra Silva;pietra-silva@empresa.com
Júlia Viana;júlia1980@empresa.com
Helena Vieira;helena.vieira@empresa.com
Luiza Farias;luiza.farias@corp.com.br
Carolina Moreira;carolina-moreira@empresa.com
Levi Nascimento;l.nascimento@corp.com.br
Alícia Oliveira;alícia-oliveira@mail.com.br
Benício Santos;b.santos@pessoal.com
Gabrielly Alves;gabrielly1994@corp.com.br
João Felipe Fogaça;joão-fogaça@corp.com.br
Calebe Sales;calebe-sales@corp.com.br
Emanuel Barbosa;e.barbosa@servicos.net
Benício Azevedo;benício.azevedo@empresa.com
Brenda Moraes;b.moraes@pessoal.com
Dra. Ana Laura Aragão;dra..aragão@corp.com.br
Dra. Sophia Almeida;d.almeida@mail.com.br
Theo da Luz;theol1978@mail.com.br
Augusto da Rosa;augustor1977@corp.com.br
Emilly Porto;emilly-porto@corp.com.br
Emilly da Paz;emillyp2002@pessoal.com
Isabella Oliveira;isabellao1992@corp.com.br
Helena Vieira;h.vieira@empresa.com
Melissa Silva;melissas1998@pessoal.com
Luiz Fernando Aragão;l.aragão@corp.com.br
Antônio da Costa;antônioc1971@corp.com.br
Alice Porto;alice1979@mail.com.br
Gustavo Aragão;gustavoa1975@mail.com.br
Rebeca das Neves;rebecan1992@mail.com.br
Maria Clara Cardoso;mariac1982@servicos.net
Lorenzo Pires;lorenzo-pires@corp.com.br
Sr. Marcelo Sales;sr..sales@servicos.net
Letícia Cardoso;letícia.cardoso@mail.com.br
Yago da Paz;yagop1985@corp.com.br
Diego Ferreira;diego.ferreira@servicos.net
Dr. Thomas da Paz;dr.2005@empresa.com
Dr. Rafael da Conceição;d.conceição@servicos.net
Stephany da Cruz;stephanyc1971@empresa.com
Dr. Breno da Rocha;dr.2001@empresa.com
Gustavo Nogueira;g.nogueira@servicos.net
Natália Fernandes;n.fernandes@empresa.com
Dra. Nina Silveira;d.silveira@pessoal.com
Dra. Isabelly Pinto;d.pinto@pessoal.com
Raul Freitas;raulf1984@servicos.net
Srta. Lívia Moraes;srta.-moraes@corp.com.br
Maria Eduarda Correia;maria.correia@pessoal.com
Beatriz Nunes;beatrizn1988@empresa.com
Nathan Oliveira;nathan.oliveira@pessoal.com
Caroline Aragão;caroline-aragão@pessoal.com
Diego Nascimento;d.nascimento@empresa.com
Levi da Costa;levi.costa@servicos.net
Davi Lucca Pinto;davi.pinto@servicos.net
Lucas da Rosa;lucasr1984@mail.com.br
Maria Fernanda Fogaça;m.fogaça@pessoal.com
Rafael Araújo;rafael.araújo@servicos.net
Emilly Nunes;e.nunes@mail.com.br
Maitê Rodrigues;maitêr1991@corp.com.br
Pietro Campos;pietro1971@mail.com.br
Rafael Fogaça;rafael.fogaça@pessoal.com
Juliana da Conceição;j.conceição@empresa.com
Milena Azevedo;milenaa1974@pessoal.com
Maria Vitória Cardoso;maria.cardoso@empresa.com
Francisco Azevedo;francisco1992@mail.com.br
Thiago Almeida;thiagoa1973@servicos.net
Sr. Luigi Gonçalves;sr.g2000@corp.com.br
Ana Beatriz Carvalho;ana.carvalho@mail.com.br
Julia Barros;j.barros@corp.com.br
Alice Silva;alice1981@empresa.com
Sra. Marina Farias;sra..farias@corp.com.br
Luiz Fernando Cardoso;luiz.cardoso@mail.com.br
Eloah Mendes;e.mendes@corp.com.br
Maria Fernanda Pinto;maria-pinto@empresa.com
Srta. Bianca Silva;srta.-silva@empresa.com
Sr. João Gabriel Barbosa;sr.-barbosa@corp.com.br
Sr. Henrique Correia;sr..correia@pessoal.com
Sr. Juan Gomes;sr.-gomes@pessoal.com
Srta. Luiza Lopes;srta..lopes@pessoal.com
Fernanda Lima;fernanda1990@corp.com.br
Dr. Enzo Gabriel Nascimento;dr.n2000@empresa.com
Mariane Dias;mariane-dias@servicos.net
Yago Cardoso;y.cardoso@servicos.net
Pietra Ramos;pietrar1980@pessoal.com
Luiz Miguel Souza;l.souza@mail.com.br
Maria Fernanda Cavalcanti;m.cavalcanti@empresa.com
Daniela Porto;daniela-porto@empresa.com
Sra. Isabelly Costela;sra.c2001@mail.com.br
Maria Vitória Rodrigues;maria.rodrigues@servicos.net
Bárbara Monteiro;bárbara1971@pessoal.com
Ana Clara Moreira;a.moreira@servicos.net
Luiz Otávio Viana;luizv1980@corp.com.br
Bárbara Teixeira;bárbarat1998@servicos.net
Dr. Paulo Barros;dr.-barros@servicos.net
Igor da Rocha;igor-rocha@pessoal.com
Yago Cavalcanti;y.cavalcanti@empresa.com
Lorenzo Oliveira;l.oliveira@servicos.net
Vitor Hugo Novaes;vitor1997@servicos.net
Ana Júlia Peixoto;ana1988@empresa.com
Ana Sophia da Rocha;ana.rocha@servicos.net
Joaquim Campos;joaquim.campos@empresa.com
Laura da Costa;laura2001@servicos.net
Milena Alves;milena.alves@pessoal.com
Sr. Daniel Carvalho;sr.1983@corp.com.br
Amanda da Costa;amanda.costa@servicos.net
Lorenzo Pinto;lorenzop1974@empresa.com
Ana Vitória Barbosa;a.barbosa@mail.com.br
Dr. Marcelo Teixeira;dr.t1970@pessoal.com
Pedro Henrique Moura;pedro.moura@mail.com.br
Thales Azevedo;thales-azevedo@corp.com.br
Eduarda Dias;e.dias@corp.com.br
Laís da Mata;laísm1996@corp.com.br
Emanuelly Pires;emanuellyp2002@corp.com.br
Sabrina Campos;sabrinac1987@servicos.net
Dra. Sabrina Peixoto;dra.-peixoto@mail.com.br
Alana Caldeira;alana1970@corp.com.br
Clara Pereira;clara2001@empresa.com
Eduardo Barros;e.barros@pessoal.com
Carolina Aragão;carolina-aragão@empresa.com
Augusto Martins;augusto1985@empresa.com
Sra. Letícia Pereira;sra.1983@pessoal.com
Luiz Miguel Cavalcanti;luizc1989@corp.com.br
Yasmin Correia;yasminc1984@pessoal.com
Maria Eduarda da Conceição;mariac1975@pessoal.com
Mirella Cavalcanti;mirella1992@servicos.net
Lorena Duarte;lorena1970@pessoal.com
Yasmin Silveira;yasmin-silveira@empresa.com
Melissa Correia;melissac2000@pessoal.com
Stella Farias;stellaf2000@empresa.com
Arthur Peixoto;arthur-peixoto@mail.com.br
Davi Lopes;d.lopes@empresa.com
Kamilly da Costa;kamillyc1987@mail.com.br
Paulo Ferreira;paulo-ferreira@pessoal.com
Dr. Benício da Mota;dr..mota@pessoal.com
Melissa Ferreira;melissa-ferreira@pessoal.com
Dra. Maysa da Rosa;dra.r1985@empresa.com
Isis Campos;isis-campos@mail.com.br
Maria Clara Caldeira;mariac1972@servicos.net
André da Costa;a.costa@mail.com.br
Laura Ramos;laura-ramos@empresa.com
Luiz Fernando Cardoso;luiz1993@corp.com.br
Isabelly Duarte;i.duarte@empresa.com
Carlos Eduardo Rezende;carlos.rezende@servicos.net
Carlos Eduardo Carvalho;carlosc1995@pessoal.com
Vicente Novaes;vicente1998@corp.com.br
Mariana Barros;marianab1987@servicos.net
Dra. Lorena Costela;dra..costela@empresa.com
Sra. Nina Souza;sra.s1977@pessoal.com
Lavínia Jesus;l.jesus@corp.com.br
João Pedro Araújo;joão.araújo@corp.com.br
Manuela Barbosa;manuela-barbosa@empresa.com
Amanda Fernandes;amanda-fernandes@servicos.net
Luigi Ribeiro;l.ribeiro@corp.com.br
Carlos Eduardo Nascimento;carlos1985@mail.com.br
Sra. Mariana da Conceição;sra.-conceição@corp.com.br
Gabriela Barros;gabriela1982@empresa.com
Lucas Gabriel Rodrigues;l.rodrigues@empresa.com
Lucas Gabriel da Luz;lucasl1981@servicos.net
Igor Azevedo;igor.azevedo@empresa.com
Sr. Pedro Miguel Moraes;sr.m1970@empresa.com
Heitor Ribeiro;heitor-ribeiro@empresa.com
Sophie Nascimento;sophien1996@mail.com.br
Maria Alice Pereira;maria-pereira@servicos.net
Raquel Gomes;raquel1979@mail.com.br
Gabriel Pires;g.pires@servicos.net
Pedro Silveira;pedros1970@servicos.net
Dr. João Gabriel Pereira;dr.-pereira@servicos.net
Julia Araújo;julia-araújo@pessoal.com
Dra. Letícia Nunes;dra..nunes@servicos.net
Matheus Barros;matheus1991@mail.com.br
Sofia Aragão;sofia-aragão@empresa.com
Ana Lívia Lima;ana.lima@empresa.com
Benjamin Souza;benjamin1996@mail.com.br
Arthur Lima;arthurl1982@corp.com.br
Ana Carolina Farias;anaf1994@corp.com.br
Helena da Costa;helena-costa@empresa.com
João Lucas Araújo;j.araújo@empresa.com
Calebe Castro;calebe.castro@servicos.net
Vitor Gabriel das Neves;vitorn1995@servicos.net
André Duarte;andré1980@mail.com.br
Maria Sophia Lopes;maria.lopes@mail.com.br
Elisa da Cruz;elisa1974@servicos.net
Gabriela Barros;gabriela-barros@servicos.net
Julia Jesus;julia.jesus@pessoal.com
Dr. João Guilherme Oliveira;dr..oliveira@pessoal.com
Sophia Dias;sophiad1988@mail.com.br
Paulo Moura;paulo.moura@empresa.com
Dr. Paulo Alves;d.alves@mail.com.br